"id","claim","value","where_published","source","excerpt","retrieval_date","status","notes"
"E001","Trading name","Regardin Construction","Live homepage","MASTER_PROMPT.md §6.2 (brief re-check 30/09/2026)","Regardin Construction","30/09/2026","verified-live","Brief status; own live re-check pending (host blocked in build environment)"
"E002","Tagline","Excellence in Every Detail.","Live homepage","MASTER_PROMPT.md §6.2 (brief re-check 30/09/2026)","""Excellence in Every Detail.""","30/09/2026","verified-live","Use only if owner wants it kept"
"E003","Phone","079 454 9780 / +27 79 454 9780","Live homepage (tel:+27794549780)","MASTER_PROMPT.md §6.2 (brief re-check 30/09/2026)","+27 79 454 9780","30/09/2026","verified-live","WhatsApp status unknown"
"E004","Email","regardbothma@icloud.com","Live homepage, contact","MASTER_PROMPT.md §6.2 (brief re-check 30/09/2026)","regardbothma@icloud.com","30/09/2026","contradicted","Conflicts with E005; owner to choose"
"E005","Email","info@regardinconstruction.co.za","Terms / Privacy (per prior audits)","MASTER_PROMPT.md §6.2","info@regardinconstruction.co.za","","published-claim","Conflicts with E004"
"E006","Location","Kensington, Cape Town","Live homepage","MASTER_PROMPT.md §6.2 (brief re-check 30/09/2026)","Kensington, Cape Town","30/09/2026","verified-live",""
"E007","Street address","139 12th Avenue, Kensington","Terms (per prior audits)","MASTER_PROMPT.md §6.2","139 12th Avenue, Kensington","","published-claim","Publish? unknown"
"E008","Location (directory)","Cape Town CBD","Business Pages 4 SA, Aug 2025","MASTER_PROMPT.md §6.2","Cape Town CBD","","contradicted","Third-party; conflicts with E006"
"E009","Experience","nearly two decades","Live homepage","MASTER_PROMPT.md §6.2 (brief re-check 30/09/2026)","nearly two decades","30/09/2026","contradicted","Conflicts with ""since 2004"" (E017)"
"E010","Positioning","High-end residential and commercial construction","Live homepage","MASTER_PROMPT.md §6.2 (brief re-check 30/09/2026)","high-end residential and commercial construction","30/09/2026","verified-live",""
"E011","Services (site)","Brickwork, renovations, alterations, painting, maintenance, carpentry, decking, timber pergolas, concrete (driveways, slabs, pool structures), custom work (""Imagination Creation"")","Live homepage","MASTER_PROMPT.md §6.2 (brief re-check 30/09/2026)","","30/09/2026","verified-live","Owner to confirm which are current"
"E012","Services (footer)","Garden hardscaping, new homes, civil projects (private and commercial)","Live footer","MASTER_PROMPT.md §6.2 (brief re-check 30/09/2026)","","30/09/2026","verified-live","Owner to confirm"
"E013","Portfolio labels","Painting, Boundary Wall, Exterior Painting, Pool Plastering, Scratch Plaster, Floor Screed, Concrete Stairs, Walk-in Closet, Countertop, Carpentry, Decking, Patio Building, Concrete Walls","Live portfolio (per prior audits)","MASTER_PROMPT.md §6.2","","","published-claim","Live typos in two labels"
"E014","Services (directory)","Nanoscreed HD flooring, plastering, staircases, walling, pool renovation, hardscaping, civil, new builds","givingmore.co.za","MASTER_PROMPT.md §6.2","","","third-party-claim",""
"E015","Free quote","""Get a free quote today""","Live homepage","MASTER_PROMPT.md §6.2 (brief re-check 30/09/2026)","Get a free quote today","30/09/2026","verified-live","Confirm it is actual policy before reuse"
"E016","Terms","Quotes valid 30 days; deposit before work; final payment on completion unless agreed; warranty per contract; SA law","Terms (per prior audits)","MASTER_PROMPT.md §6.2","","","published-claim",""
"E017","Owner","Regard Bothma","AcB Projects site; email address","MASTER_PROMPT.md §6.2","","","published-claim","Confirm role and legal entity"
"E018","Owner history","2004 UK junior foreman / first-fix carpenter; from 2006 SA site manager on high-end residential; later site/project manager on hardscaping, new homes, civil","acbp.co.za (AcB Projects, same phone)","MASTER_PROMPT.md §6.2","","","third-party-claim","Do not transfer AcB history without approval"
"E019","Social","facebook.com/Regardin.Construction; instagram.com/regardin_construction","Third-party","MASTER_PROMPT.md §6.2","","","third-party-claim","Verify ownership before linking"
"E020","Google tag","GT-5DCV555P (Site Kit)","Live site source","MASTER_PROMPT.md §6.2 (brief re-check 30/09/2026)","GT-5DCV555P","30/09/2026","verified-live","Existing GA4/GSC likely; find before creating"
"E021","Testimonial","Tarah Leonard (full text in MASTER_PROMPT.md §6.3)","Live homepage","MASTER_PROMPT.md §6.3","","30/09/2026","verified-live","Publish once, verbatim; no stars/dates/suburbs"
"E022","Testimonial","Beverley Kolbe (full text in MASTER_PROMPT.md §6.3)","Live homepage","MASTER_PROMPT.md §6.3","","30/09/2026","verified-live","Spelling edits need owner approval"
"E023","Testimonial","""Suzie""","AcB Projects site","MASTER_PROMPT.md §6.3","","","blocked","Do not publish until owner confirms permission and attribution"
"E024","Service area","Southern Suburbs and Northern Suburbs","Tarah Leonard testimonial","MASTER_PROMPT.md §6.3","works in both Southern suburbs and Northern suburbs","30/09/2026","unverified","Customer statement, not a business claim; owner to confirm areas"
